schedule,irradiation_h,cooling_h,row_within_test,truth_ac225_norm,predicted_ac225_norm,relative_error,family_id
short,24.0,0.0,0,3.341898967575923e-07,3.401412513821429e-07,0.01780830205309129,6
short,24.0,0.0,1,3.7630902607770344e-07,3.777043910500743e-07,0.0037080295067988566,14
short,24.0,0.0,2,2.431564825410359e-07,2.4447540482632885e-07,0.005424170770649149,15
short,24.0,0.0,3,3.6633659618409014e-07,3.6701285946521225e-07,0.001846016172466361,16
short,24.0,0.0,4,1.5000247516832093e-07,1.4910953794951838e-07,0.005952816563863804,19
short,24.0,0.0,5,6.849157237366621e-07,6.94623689825606e-07,0.014173957105234286,22
short,24.0,0.0,6,2.224420487140262e-07,2.2180048109590405e-07,0.002884201174333595,30
short,24.0,0.0,7,3.2304877178382016e-07,3.2080385176726013e-07,0.006949167471412951,31
short,24.0,0.0,8,2.0467889319832542e-07,2.0610705960743322e-07,0.006977594938057299,34
short,24.0,0.0,9,3.3330030345245757e-07,3.188689589245607e-07,0.04329832399914208,35
short,24.0,0.0,10,2.1953382356139375e-07,2.1767183320621766e-07,0.008481564822084817,36
short,24.0,0.0,11,1.6504685823054344e-07,1.6541991396198811e-07,0.002260301925430029,41
short,24.0,0.0,12,1.7187149785383446e-07,1.7274050300776324e-07,0.00505613301088359,44
short,24.0,0.0,13,2.8412881765964055e-07,2.860964404138197e-07,0.006925108021025063,47
short,24.0,0.0,14,3.266107509516172e-07,3.230034657797036e-07,0.011044600220303154,49
short,24.0,0.0,15,3.639432529790944e-07,3.628469974144384e-07,0.003012160702753717,58
short,24.0,0.0,16,1.7464632886480567e-07,1.7324219585257233e-07,0.00803986560358953,60
short,24.0,0.0,17,2.9741614786421265e-07,2.981531729703337e-07,0.002478093780091409,64
short,24.0,0.0,18,5.28817786846547e-07,5.302754170375422e-07,0.002756394030706371,77
short,24.0,0.0,19,1.431090328272095e-07,1.4322992787443446e-07,0.0008447757967237177,97
short,24.0,0.0,20,1.8334208548661386e-07,1.8374280288647538e-07,0.0021856269322887375,102
short,24.0,0.0,21,3.6085297521322535e-07,3.5753905145943407e-07,0.009183584399804677,109
short,24.0,0.0,22,4.3393826402255996e-07,4.3480751105938176e-07,0.002003158303589018,110
short,24.0,0.0,23,5.317765329864781e-07,5.390554704095606e-07,0.013687962840713807,113
short,24.0,0.0,24,3.4695301689395386e-07,3.4705836035065985e-07,0.0003036245588784977,136
short,24.0,0.0,25,4.878871735734505e-07,4.883507419757408e-07,0.0009501549280234972,137
short,24.0,0.0,26,2.9125547611659565e-07,2.9234556774239574e-07,0.003742733494094748,139
short,24.0,0.0,27,3.2532182855627625e-07,3.242394781777012e-07,0.003327014308810205,140
short,24.0,0.0,28,3.204054197368703e-07,3.202791272191576e-07,0.0003941647360908542,141
short,24.0,0.0,29,2.748167004258206e-07,2.7223955033717863e-07,0.00937770552025668,163
short,24.0,0.0,30,6.088955674820593e-07,6.080270085114251e-07,0.0014264498167163087,164
short,24.0,0.0,31,2.5328780128088955e-07,2.5199692711097207e-07,0.005096471931887229,175
short,24.0,0.0,32,4.3819651815848364e-07,4.5161958254247943e-07,0.03063252177449077,176
short,24.0,0.0,33,1.355982543487281e-07,1.3461948313234308e-07,0.007218169740355639,181
short,24.0,0.0,34,7.392929436231176e-07,7.352111034763154e-07,0.005521275675644874,182
short,24.0,0.0,35,1.5889725952895967e-07,1.5635247940287601e-07,0.016015254974361973,190
short,24.0,0.0,36,1.8608393130603568e-07,1.858162691350687e-07,0.0014383948634811839,193
short,24.0,0.0,37,3.304592321686773e-07,3.340722056331374e-07,0.010933189672897104,194
short,24.0,0.0,38,2.3932211764679775e-07,2.3966703019051825e-07,0.0014412063001612632,195
short,24.0,0.0,39,4.5338058707602265e-07,4.5059947558103683e-07,0.006134165366280843,202
short,24.0,0.0,40,3.5626518546862315e-07,3.614671177116131e-07,0.01460129267513879,205
short,24.0,0.0,41,2.489725304731599e-07,2.4900527329539685e-07,0.00013151178635934904,218
short,24.0,0.0,42,4.419351055914525e-07,4.335159329383311e-07,0.01905069895240349,222
short,24.0,0.0,43,2.176397980830019e-07,2.203063493003804e-07,0.012252130542602116,233
short,24.0,0.0,44,5.373019135100292e-07,5.347041505533649e-07,0.0048348291553513036,235
short,24.0,0.0,45,1.7067712916660964e-07,1.7089235640028147e-07,0.0012610197671050383,236
short,24.0,0.0,46,3.3033715472450866e-07,3.3706450181956584e-07,0.020365093659136184,237
short,24.0,0.0,47,2.1416313509480405e-07,2.150917782640119e-07,0.004336148557018305,244
medium,120.0,24.0,0,9.607014963280003e-06,9.778099586864627e-06,0.017808301979183466,6
medium,120.0,24.0,1,1.0817820878288205e-05,1.0857933677129827e-05,0.003708029490683282,14
medium,120.0,24.0,2,6.99006161314923e-06,7.027976900927652e-06,0.005424170755104374,15
medium,120.0,24.0,3,1.0531141706736502e-05,1.0550582364568333e-05,0.0018460161655022942,16
medium,120.0,24.0,4,4.31214719758297e-06,4.286477776369345e-06,0.005952816552276697,19
medium,120.0,24.0,5,1.968939109670234e-05,1.9968467679183882e-05,0.014173956985814706,22
medium,120.0,24.0,6,6.394580189758606e-06,6.376136934121553e-06,0.0028842011656357515,30
medium,120.0,24.0,7,9.286739111251315e-06,9.222204006173385e-06,0.006949167442395671,31
medium,120.0,24.0,8,5.883939675794836e-06,5.924995423392534e-06,0.006977594921068212,34
medium,120.0,24.0,9,9.581441670157755e-06,9.166581305996982e-06,0.04329832382666293,35
medium,120.0,24.0,10,6.310976936660325e-06,6.257449976831016e-06,0.008481564798370969,36
medium,120.0,24.0,11,4.744630688649323e-06,4.755354986511206e-06,0.002260301921398929,41
medium,120.0,24.0,12,4.940819788347207e-06,4.965801230329987e-06,0.005056133000782155,44
medium,120.0,24.0,13,8.167900439020955e-06,8.224464031674338e-06,0.006925107997541156,47
medium,120.0,24.0,14,9.389135944274729e-06,9.285436691780081e-06,0.011044600175150396,49
medium,120.0,24.0,15,1.046233985459518e-05,1.0430825605781405e-05,0.003012160687929981,58
medium,120.0,24.0,16,5.020588336989366e-06,4.9802234815998045e-06,0.008039865585507514,60
medium,120.0,24.0,17,8.549873625301137e-06,8.571061013886026e-06,0.0024780937723091812,64
medium,120.0,24.0,18,1.5202016661904103e-05,1.5243919409643953e-05,0.002756394014805746,77
medium,120.0,24.0,19,4.113980214094414e-06,4.117455605003603e-06,0.0008447757957810251,97
medium,120.0,24.0,20,5.27056676174344e-06,5.282086254384293e-06,0.002185626928107167,102
medium,120.0,24.0,21,1.037350310372571e-05,1.0278237162887272e-05,0.009183584357749136,109
medium,120.0,24.0,22,1.2474498573700348e-05,1.249948696898335e-05,0.0020031582941284565,110
medium,120.0,24.0,23,1.5287072249946668e-05,1.549632112548272e-05,0.01368796275145376,113
medium,120.0,24.0,24,9.973918591400869e-06,9.976946918031749e-06,0.0003036245587056063,136
medium,120.0,24.0,25,1.4025377228434364e-05,1.4038703509668134e-05,0.0009501549239440409,137
medium,120.0,24.0,26,8.372771725949255e-06,8.40410877902198e-06,0.0037427334816263896,139
medium,120.0,24.0,27,9.352083068577514e-06,9.3209685545271e-06,0.0033270142942759214,140
medium,120.0,24.0,28,9.210750211546333e-06,9.207119658643822e-06,0.0003941647335045568,141
medium,120.0,24.0,29,7.900203389418647e-06,7.82611760874235e-06,0.009377705487370831,163
medium,120.0,24.0,30,1.750402649705457e-05,1.7479057881891127e-05,0.0014264498038577451,164
medium,120.0,24.0,31,7.2813083907026666e-06,7.244199406985738e-06,0.0050964719148982075,175
medium,120.0,24.0,32,1.259691134344485e-05,1.2982786502326198e-05,0.030632521604762222,176
medium,120.0,24.0,33,3.898066561470864e-06,3.869929655420087e-06,0.007218169727753379,181
medium,120.0,24.0,34,2.125258245322189e-05,2.113524108779912e-05,0.005521275622905739,182
medium,120.0,24.0,35,4.56784710744142e-06,4.49469187147624e-06,0.016015254942750454,190
medium,120.0,24.0,36,5.349387079359516e-06,5.3416925484833396e-06,0.001438394859453216,193
medium,120.0,24.0,37,9.499768901272942e-06,9.603631676100945e-06,0.01093318962886413,194
medium,120.0,24.0,38,6.8798344602287275e-06,6.889749720974317e-06,0.0014412062968822735,195
medium,120.0,24.0,39,1.3033410404901075e-05,1.29534613106601e-05,0.0061341653302738955,202
medium,120.0,24.0,40,1.0241617116304193e-05,1.0391157964630518e-05,0.014601292611130929,205
medium,120.0,24.0,41,7.1572565521548e-06,7.15819781575245e-06,0.00013151178678453876,218
medium,120.0,24.0,42,1.2704385164493916e-05,1.2462357748673144e-05,0.019050698848236094,222
medium,120.0,24.0,43,6.25652905757326e-06,6.333184868126148e-06,0.012252130509982933,233
medium,120.0,24.0,44,1.544591132160451e-05,1.537123297973382e-05,0.004834829121816432,235
medium,120.0,24.0,45,4.906485064420137e-06,4.912672239063253e-06,0.0012610197650417647,236
medium,120.0,24.0,46,9.496259519756612e-06,9.689651733493096e-06,0.02036509357543768,237
medium,120.0,24.0,47,6.156584823367646e-06,6.1832806896993344e-06,0.004336148546246369,244
long,240.0,72.0,0,3.3271330522642486e-05,3.386383642033027e-05,0.017808301873727648,6
long,240.0,72.0,1,3.7464633404203686e-05,3.760355336886237e-05,0.0037080294676817937,14
long,240.0,72.0,2,2.4208211558771345e-05,2.433952103140497e-05,0.00542417073292834,15
long,240.0,72.0,3,3.647179666552062e-05,3.6539124191386935e-05,0.0018460161555453607,16
long,240.0,72.0,4,1.493397019669421e-05,1.4845071011962852e-05,0.005952816535755377,19
long,240.0,72.0,5,6.818894707619863e-05,6.915545426734395e-05,0.014173956815395496,22
long,240.0,72.0,6,2.2145920692476792e-05,2.208204740247608e-05,0.0028842011532359685,30
long,240.0,72.0,7,3.2162140653143464e-05,3.193864055377005e-05,0.006949167401006575,31
long,240.0,72.0,8,2.037745365501333e-05,2.0519639271646572e-05,0.006977594896811912,34
long,240.0,72.0,9,3.3182764252004836e-05,3.174600618812378e-05,0.04329832358056934,35
long,240.0,72.0,10,2.1856383154327685e-05,2.1671006825085618e-05,0.00848156476454162,36
long,240.0,72.0,11,1.6431761262604968e-05,1.6468902004064535e-05,0.0022603019156619926,41
long,240.0,72.0,12,1.7111209811915193e-05,1.7197726364282048e-05,0.005056132986377742,44
long,240.0,72.0,13,2.8287341745707056e-05,2.8483234641311543e-05,0.006925107964031867,47
long,240.0,72.0,14,3.2516764734997954e-05,3.2157630071605727e-05,0.01104460011071425,49
long,240.0,72.0,15,3.623351982770566e-05,3.612437864446211e-05,0.0030121606667671977,58
long,240.0,72.0,16,1.738746687576186e-05,1.7247673979656542e-05,0.0080398655597263,60
long,240.0,72.0,17,2.961020385446963e-05,2.9683580715909435e-05,0.0024780937612061925,64
long,240.0,72.0,18,5.264812443302875e-05,5.279324340691219e-05,0.002756393992117181,77
long,240.0,72.0,19,1.4247671774525929e-05,1.4259707862768257e-05,0.0008447757944458024,97
long,240.0,72.0,20,1.8253200386337626e-05,1.829309507251746e-05,0.0021856269221531104,102
long,240.0,72.0,21,3.5925857469240766e-05,3.559592932870343e-05,0.009183584297739213,109
long,240.0,72.0,22,4.320209409516204e-05,4.3288634727689526e-05,0.0020031582806347894,110
long,240.0,72.0,23,5.2942691742181984e-05,5.3667369327966985e-05,0.01368796262407671,113
long,240.0,72.0,24,3.454200323971828e-05,3.455249104019988e-05,0.0003036245584487794,136
long,240.0,72.0,25,4.857314805726459e-05,4.861930007278031e-05,0.0009501549181309773,137
long,240.0,72.0,26,2.8996858728728315e-05,2.9105386242237836e-05,0.00374273346381477,139
long,240.0,72.0,27,3.238844199646635e-05,3.22806851876464e-05,0.003327014273539691,140
long,240.0,72.0,28,3.189897339561404e-05,3.188639994538459e-05,0.00039416472980231105,141
long,240.0,72.0,29,2.7360244513346757e-05,2.7103668199522326e-05,0.009377705440434531,163
long,240.0,72.0,30,6.062052057251603e-05,6.0534048443947706e-05,0.001426449785512512,164
long,240.0,72.0,31,2.5216866984712054e-05,2.5088349930954447e-05,0.005096471890640564,175
long,240.0,72.0,32,4.362603802495464e-05,4.496241356671901e-05,0.03063252136258515,176
long,240.0,72.0,33,1.3499912503267121e-05,1.3402467843751466e-05,0.007218169709772032,181
long,240.0,72.0,34,7.360264274424152e-05,7.319626227261528e-05,0.005521275547650453,182
long,240.0,72.0,35,1.5819518543616383e-05,1.556616492178229e-05,0.016015254897648573,190
long,240.0,72.0,36,1.852617350527588e-05,1.8499525552647293e-05,0.0014383948536916124,193
long,240.0,72.0,37,3.2899912431778805e-05,3.325961341110125e-05,0.010933189566030684,194
long,240.0,72.0,38,2.3826469254529038e-05,2.3860808111939787e-05,0.001441206292208885,195
long,240.0,72.0,39,4.513773593094939e-05,4.486085359843377e-05,0.006134165278896288,202
long,240.0,72.0,40,3.546910557840797e-05,3.59870003643739e-05,0.014601292519797937,205
long,240.0,72.0,41,2.478724657469631e-05,2.4790506389798053e-05,0.000131511787399136,218
long,240.0,72.0,42,4.399824489679586e-05,4.316004758995445e-05,0.019050698699630324,222
long,240.0,72.0,43,2.1667817467138836e-05,2.193329439360395e-05,0.012252130463427385,233
long,240.0,72.0,44,5.349278843872221e-05,5.323415994993036e-05,0.004834829073981005,235
long,240.0,72.0,45,1.699230066565365e-05,1.701372829259662e-05,0.0012610197621022532,236
long,240.0,72.0,46,3.288775862596393e-05,3.355752090394091e-05,0.020365093456026082,237
long,240.0,72.0,47,2.132168730524895e-05,2.141414130833394e-05,0.004336148530901165,244
