challenge_kind,challenge_label,domain_accepted,domain_reason,nearest_training_distance,usable_prediction,deuteron_energy_mev,target_distance_cm,beam_fwhm_mm,radial_offset_mm,target_radius_mm,baseline_n2n_per_h_per_uA,raw_model_output_n2n_per_h_per_uA,log_prediction_std_n2n,baseline_ngamma_per_h_per_uA,raw_model_output_ngamma_per_h_per_uA,log_prediction_std_ngamma
explicit_out_of_range,outside_deuteron_energy_mev_low,False,outside:deuteron_energy_mev,0.99680637684141,False,31.0,2.571548423929274,5.179248875409604,2.5179791616825984,3.7499034171048993,1.2806869988611344e-10,7.765085709063681e-11,0.0173989704432343,1.0087916071991697e-12,7.001425934965228e-13,0.014199326691018045
explicit_out_of_range,outside_deuteron_energy_mev_low,False,outside:deuteron_energy_mev,0.7764638149261647,False,31.0,2.6828361422932154,10.553149988916447,1.1536359671281629,3.49929072928034,1.1766413799461258e-10,5.878889686013919e-11,0.017277146602174196,9.268353234072353e-13,5.558906696560672e-13,0.014209838904557131
explicit_out_of_range,outside_deuteron_energy_mev_low,False,outside:deuteron_energy_mev,0.9433483948678801,False,31.0,1.6338210846921402,5.712792172536284,5.334865181284871,2.1027765892423345,3.172659184257888e-10,9.198554506983214e-11,0.017225853347598852,2.4990899106720447e-12,1.0082120761072069e-12,0.013773795248875993
explicit_out_of_range,outside_deuteron_energy_mev_low,False,outside:deuteron_energy_mev,0.7923752892745344,False,31.0,2.328613945759767,7.845681567628489,3.6643216763194184,3.7343139948026662,1.5618431822943573e-10,7.139241775223887e-11,0.016279512134952056,1.2302571162671972e-12,6.906031349560518e-13,0.013541111993861502
explicit_out_of_range,outside_deuteron_energy_mev_low,False,outside:deuteron_energy_mev,1.2353629177128598,False,31.0,1.7073441620654244,4.191206824695085,0.45167478575681574,4.638663428782422,2.905295199263216e-10,1.51379085390432e-10,0.02242704740927958,2.2884884566323014e-12,1.4224216533549287e-12,0.016516680117909136
explicit_out_of_range,outside_deuteron_energy_mev_low,False,outside:deuteron_energy_mev,1.0156464377071253,False,31.0,2.8861129003345325,7.678513423592912,5.595675584138802,3.8174390698358085,1.0167303372039069e-10,4.6736931529887355e-11,0.0184542991508642,8.00874087008122e-13,4.5323415201920356e-13,0.014867705069672558
explicit_out_of_range,outside_deuteron_energy_mev_low,False,outside:deuteron_energy_mev,1.2227021843656771,False,31.0,1.7662575652900134,11.572197370954157,3.046846428105707,4.234382628313698,2.7147156350167987e-10,7.961524867096077e-11,0.01678127235437472,2.138369758553516e-12,8.480250112543299e-13,0.013448853880332467
explicit_out_of_range,outside_deuteron_energy_mev_low,False,outside:deuteron_energy_mev,1.100676903972456,False,31.0,2.2189485403213345,9.375437746606913,7.998712367939647,4.0526170817180205,1.7200376489863615e-10,4.3289961497106115e-11,0.02155309460102654,1.354866213139544e-12,4.86640112223087e-13,0.016145105113107176
explicit_out_of_range,outside_deuteron_energy_mev_low,False,outside:deuteron_energy_mev,0.9012140382975982,False,31.0,2.86050975478426,10.857163285614519,7.164441941497402,0.6626371802163853,1.0350123884420451e-10,3.830987606929694e-11,0.02034635969838794,8.152747796580979e-13,3.912615468461907e-13,0.015784971071336577
explicit_out_of_range,outside_deuteron_energy_mev_low,False,outside:deuteron_energy_mev,1.1878818971992822,False,31.0,2.016890459338388,9.818610012191039,2.3572568067210913,4.420156429758012,2.081937995127198e-10,7.941234241241819e-11,0.016642692917745495,1.6399335497752743e-12,8.012852779054e-13,0.013508769653332461
explicit_out_of_range,outside_deuteron_energy_mev_low,False,outside:deuteron_energy_mev,0.8309714811594475,False,31.0,2.9403819397052966,1.222341332846165,6.281321723543776,3.707860916868404,9.795461931087092e-11,4.5814770514907597e-11,0.019310252983962117,7.715842976079977e-13,4.4751907976813675e-13,0.01547146937810384
explicit_out_of_range,outside_deuteron_energy_mev_low,False,outside:deuteron_energy_mev,1.4886158300953343,False,31.0,2.1865603091526564,14.211627394468305,0.17918983735856742,1.202095038517508,1.7713708492702012e-10,6.002608556661919e-11,0.024647882840371792,1.3953011528735004e-12,6.216390748206336e-13,0.0177518230227432
explicit_out_of_range,outside_deuteron_energy_mev_high,False,outside:deuteron_energy_mev,0.962770095852558,False,42.0,2.4815904546107332,7.121330468594021,1.8875862116494968,2.447097881563238,1.9414065553031848e-10,1.2723953431639774e-10,0.016531119100872887,1.4379892669670623e-12,1.0771155756655343e-12,0.013803740515879338
explicit_out_of_range,outside_deuteron_energy_mev_high,False,outside:deuteron_energy_mev,1.8487182975200123,False,42.0,1.5173711098338794,12.142304616226763,2.8377395363063114,4.938411367839995,5.192698290154228e-10,1.345382876831816e-10,0.026574347196875993,3.846203355728284e-12,1.4017875070619499e-12,0.018509703093807322
explicit_out_of_range,outside_deuteron_energy_mev_high,False,outside:deuteron_energy_mev,0.9125406898293198,False,42.0,2.620394516408082,4.196082109976421,0.8929835720437431,4.936928543128876,1.7411787081727532e-10,1.2206495290528172e-10,0.019897412446940328,1.2896815905893456e-12,1.0161967413921439e-12,0.015365769532730642
explicit_out_of_range,outside_deuteron_energy_mev_high,False,outside:deuteron_energy_mev,0.7653095245287248,False,42.0,2.232103875893019,8.689760313090149,4.355544992751794,0.9820314731663198,2.399650033102231e-10,1.1450046906608235e-10,0.01589831769837042,1.7774077164065625e-12,1.0507493193335365e-12,0.013346846127655855
explicit_out_of_range,outside_deuteron_energy_mev_high,False,outside:deuteron_energy_mev,0.8499459063843741,False,42.0,1.5597103567878519,13.505126387038105,5.695874361490562,1.3416890608640584,4.914607054658677e-10,1.0959384509913042e-10,0.015081483545722607,3.640222691457908e-12,1.1666648241967026e-12,0.01258137748678934
explicit_out_of_range,outside_deuteron_energy_mev_high,False,outside:deuteron_energy_mev,1.1777164097855846,False,42.0,1.8144238941269075,12.024288704129606,4.879382743976888,1.6174926980866493,3.6316099616449375e-10,1.1362489141263636e-10,0.01598492508232123,2.689913728987355e-12,1.1374603383466128e-12,0.01323558478309519
explicit_out_of_range,outside_deuteron_energy_mev_high,False,outside:deuteron_energy_mev,0.9432798733303632,False,42.0,2.814102609257233,13.019707399235415,0.7232503952489377,3.6275200244637484,1.5097215488196074e-10,7.754349881026695e-11,0.02015451530400683,1.1182425326530594e-12,6.974040674804365e-13,0.01571543736856918
explicit_out_of_range,outside_deuteron_energy_mev_high,False,outside:deuteron_energy_mev,1.2099124327176949,False,42.0,2.1280290873791516,1.5729077190210012,5.256608678838509,4.570068902230495,2.640107384493816e-10,1.1953178343311836e-10,0.020149884436117954,1.9555131675908595e-12,1.1254684015778393e-12,0.0155525012023897
explicit_out_of_range,outside_deuteron_energy_mev_high,False,outside:deuteron_energy_mev,0.9177775932048382,False,42.0,2.4584381941176945,12.061671052906306,6.119780461779645,1.369160404586323,1.9781450003191824e-10,7.688606683326702e-11,0.01795690235742752,1.4652012331952353e-12,7.370065112848681e-13,0.014401782730837682
explicit_out_of_range,outside_deuteron_energy_mev_high,False,outside:deuteron_energy_mev,1.2468579186478395,False,42.0,2.5164838763326274,3.5831772472152665,0.027448654474256706,2.738542980768706,1.8879409537577843e-10,1.6109031151471956e-10,0.0191056084227003,1.39838758695614e-12,1.2632350308977813e-12,0.015221453974599675
explicit_out_of_range,outside_deuteron_energy_mev_high,False,outside:deuteron_energy_mev,1.6744971788863687,False,42.0,2.3085805295834114,12.26667043410344,7.4107984914568386,3.0265451273320627,2.243296375218198e-10,7.01299987616383e-11,0.018393551951125894,1.6615974131632175e-12,7.078049354055848e-13,0.014531234294489359
explicit_out_of_range,outside_deuteron_energy_mev_high,False,outside:deuteron_energy_mev,1.0040671791281122,False,42.0,2.052738257082588,12.362119204496361,3.4944560194763845,3.2870442195189047,2.8373280980463273e-10,1.0463514622512804e-10,0.016022276088870614,2.101593476497516e-12,1.0157232289519976e-12,0.013326697865360386
explicit_out_of_range,outside_target_distance_cm_low,False,outside:target_distance_cm;far_from_training,2.3600459141768297,False,33.0,1.2,11.006283951616211,4.702706344792666,3.4589317501275514,5.881253811003071e-10,1.0601369531425802e-10,0.024557343006712654,4.632638177496907e-12,1.2340708653307553e-12,0.016914057721927157
explicit_out_of_range,outside_target_distance_cm_low,False,outside:target_distance_cm;far_from_training,2.4857028574616065,False,33.0,1.2,10.886910835681332,5.4703702188878545,1.1719420086956158,5.881253811003071e-10,1.0116544595000973e-10,0.02790653050742008,4.632638177496907e-12,1.1950314033668208e-12,0.01956316725293121
explicit_out_of_range,outside_target_distance_cm_low,False,outside:target_distance_cm,2.044516560175968,False,33.0,1.2,1.3267174744953047,4.154702643233676,3.009216373770948,5.881253811003071e-10,1.7305791230913436e-10,0.02769697008850241,4.632638177496907e-12,1.8943167462485587e-12,0.019509032920960123
explicit_out_of_range,outside_target_distance_cm_low,False,outside:target_distance_cm;far_from_training,2.739694248436952,False,33.0,1.2,5.611562923383794,1.3565045437534913,0.6268245143517969,5.881253811003071e-10,2.5910601369145913e-10,0.03942900172841389,4.632638177496907e-12,2.5026203242626677e-12,0.02762802645060039
explicit_out_of_range,outside_target_distance_cm_low,False,outside:target_distance_cm;far_from_training,2.228042755675538,False,33.0,1.2,10.035931941053862,3.72078151430573,4.322417966565501,5.881253811003071e-10,1.2262335161716438e-10,0.028579025637514202,4.632638177496907e-12,1.3820636399107896e-12,0.01923876477375662
explicit_out_of_range,outside_target_distance_cm_low,False,outside:target_distance_cm,1.9193206368329,False,33.0,1.2,5.39731088551817,3.6575809237001407,4.1594350873116515,5.881253811003071e-10,1.6481187296028645e-10,0.02773794601579118,4.632638177496907e-12,1.7634707597156838e-12,0.018753630891969436
explicit_out_of_range,outside_target_distance_cm_low,False,outside:target_distance_cm;far_from_training,2.57572855263346,False,33.0,1.2,5.5867461521693915,0.7131497835412697,1.7618701093982594,5.881253811003071e-10,2.708665234097413e-10,0.03527240962146025,4.632638177496907e-12,2.5758689522386365e-12,0.024811317391180403
explicit_out_of_range,outside_target_distance_cm_low,False,outside:target_distance_cm;far_from_training,2.570883398999873,False,40.0,1.2,2.8438155197360855,6.863846730014392,3.6189035940175724,8.302601996450902e-10,1.1423160103551525e-10,0.04233429723455348,6.149692101421388e-12,1.453647237600369e-12,0.028252701390264683
explicit_out_of_range,outside_target_distance_cm_low,False,outside:target_distance_cm;far_from_training,2.5485484973049863,False,33.0,1.2,13.163222211197983,3.7357908474114074,1.2155612594042544,5.881253811003071e-10,1.0334942371343486e-10,0.030023625034641125,4.632638177496907e-12,1.209611105709649e-12,0.02098404580940528
explicit_out_of_range,outside_target_distance_cm_low,False,outside:target_distance_cm,2.166561942265537,False,40.0,1.2,1.1971096747220054,2.1884498854792227,1.6500437671678103,8.302601996450902e-10,4.107367542755284e-10,0.03923235484503626,6.149692101421388e-12,3.741292806119445e-12,0.026274050919948076
explicit_out_of_range,outside_target_distance_cm_low,False,outside:target_distance_cm;far_from_training,2.7783735889948624,False,40.0,1.2,8.08004454626559,0.13607040232099088,3.1226930289451373,8.302601996450902e-10,2.740895240442719e-10,0.05317048140880869,6.149692101421388e-12,2.694182187518611e-12,0.035370518399371706
explicit_out_of_range,outside_target_distance_cm_low,False,outside:target_distance_cm;far_from_training,2.4130200376953583,False,40.0,1.2,14.558946982867464,0.7522996047698483,3.6549090672821327,8.302601996450902e-10,1.3842681104289224e-10,0.06226047313208539,6.149692101421388e-12,1.5665970572117751e-12,0.041264106072399824
explicit_out_of_range,outside_target_distance_cm_high,False,outside:target_distance_cm,1.3502004813447321,False,40.0,3.3,6.086044525648028,7.313278472201542,2.780660040257809,1.0978647268034252e-10,5.2246706790760896e-11,0.0199517134415062,8.131824266342333e-13,4.846273199555658e-13,0.014722203191686125
explicit_out_of_range,outside_target_distance_cm_high,False,outside:target_distance_cm,1.5540457601040654,False,33.0,3.3,10.037582201879646,6.440219624006353,0.569092425193494,7.776864543475135e-11,3.8380699693942596e-11,0.02703694874135797,6.125802548756241e-13,3.6260277192694065e-13,0.019025164264379186
explicit_out_of_range,outside_target_distance_cm_high,False,outside:target_distance_cm,1.5882196474300945,False,33.0,3.3,6.073971443066588,1.5657741754678263,1.1975116849937626,7.776864543475135e-11,6.209037732313369e-11,0.021393730824443312,6.125802548756241e-13,5.193026723857337e-13,0.015816787547391332
explicit_out_of_range,outside_target_distance_cm_high,False,outside:target_distance_cm,1.4557138736145638,False,33.0,3.3,13.594540275243043,5.943631330569739,1.578721199241004,7.776864543475135e-11,3.50886980153858e-11,0.025922832212667755,6.125802548756241e-13,3.373883625951258e-13,0.01851737771561926
explicit_out_of_range,outside_target_distance_cm_high,False,outside:target_distance_cm,1.3013146501283022,False,40.0,3.3,3.1120901997361368,6.040885818892577,1.2115536222929078,1.0978647268034252e-10,6.30142439288748e-11,0.01968196338447546,8.131824266342333e-13,5.585833371094502e-13,0.01454328440174801
explicit_out_of_range,outside_target_distance_cm_high,False,outside:target_distance_cm,1.2561616328986143,False,40.0,3.3,13.215830109364415,1.7532350989357361,4.079010027985488,1.0978647268034252e-10,5.7830234638287375e-11,0.02020591173451393,8.131824266342333e-13,5.148138646369946e-13,0.015411456583311339
explicit_out_of_range,outside_target_distance_cm_high,False,outside:target_distance_cm,1.9400392280290035,False,40.0,3.3,10.771197523667036,5.025836864113362,1.419568825349302,1.0978647268034252e-10,5.8147438270814346e-11,0.02330764095463983,8.131824266342333e-13,5.153974040338204e-13,0.016812686243804553
explicit_out_of_range,outside_target_distance_cm_high,False,outside:target_distance_cm,2.0249543540423267,False,40.0,3.3,12.259895509733672,5.651754706212544,2.6184149321828993,1.0978647268034252e-10,5.230312113796815e-11,0.021250007160430424,8.131824266342333e-13,4.756576687710036e-13,0.015593802728855554
explicit_out_of_range,outside_target_distance_cm_high,False,outside:target_distance_cm,1.6714034056378053,False,40.0,3.3,2.4028090389391377,2.8618532456632044,1.1516765567905582,1.0978647268034252e-10,9.106172879355813e-11,0.020199666585750977,8.131824266342333e-13,7.170035386804533e-13,0.015052577103386625
explicit_out_of_range,outside_target_distance_cm_high,False,outside:target_distance_cm,1.1767304263630092,False,33.0,3.3,11.760451735184482,4.398510626945381,3.057113382391759,7.776864543475135e-11,4.035020919189604e-11,0.017467560553427186,6.125802548756241e-13,3.761784545072356e-13,0.012708051836881265
explicit_out_of_range,outside_target_distance_cm_high,False,outside:target_distance_cm,1.6428251156046558,False,40.0,3.3,13.596279253384997,4.088803514749643,4.4447724018405435,1.0978647268034252e-10,5.2196077369504296e-11,0.020746964158470254,8.131824266342333e-13,4.760146501948923e-13,0.015610565133524913
explicit_out_of_range,outside_target_distance_cm_high,False,outside:target_distance_cm,2.115569328224669,False,40.0,3.3,1.9093089729355406,4.448079579419223,4.354750682673882,1.0978647268034252e-10,7.227653070392157e-11,0.025472062348385904,8.131824266342333e-13,6.089703529839834e-13,0.018782268600059288
explicit_out_of_range,outside_beam_fwhm_mm_low,False,outside:beam_fwhm_mm,1.4130090302705338,False,40.0,2.032226394118174,0.2,2.3240780293919308,2.8552374901968567,2.8948931356768843e-10,2.0918310940251798e-10,0.01451464629080188,2.144231586500379e-12,1.7252857735572625e-12,0.009355907329614386
explicit_out_of_range,outside_beam_fwhm_mm_low,False,outside:beam_fwhm_mm,1.2435800226446045,False,40.0,2.763107602296415,0.2,1.902272163129104,0.8567431573046871,1.5659616285492412e-10,1.4287657850006002e-10,0.019547440704262325,1.1598992535514575e-12,1.0926324251153236e-12,0.012431781925466673
explicit_out_of_range,outside_beam_fwhm_mm_low,False,outside:beam_fwhm_mm,0.49495028573233646,False,33.0,2.6278503768507733,0.2,3.9421061148084036,2.4172184849599856,1.2263971888579924e-10,8.106662678585795e-11,0.010890128052908074,9.66027758783195e-13,7.209214861258966e-13,0.006947404535473956
explicit_out_of_range,outside_beam_fwhm_mm_low,False,outside:beam_fwhm_mm,1.2210708977804028,False,33.0,2.9864523048551095,0.2,5.770559656075283,1.3247888649104964,9.495574550633472e-11,5.237939423631675e-11,0.022915344416692685,7.479622984172838e-13,4.939317028385201e-13,0.014842167171754935
explicit_out_of_range,outside_beam_fwhm_mm_low,False,outside:beam_fwhm_mm,1.4698164052770415,False,33.0,1.8918341469942024,0.2,5.082184753873663,3.5433292233220004,2.366280877675432e-10,9.395999753328444e-11,0.01509179162806495,1.8639092079466747e-12,9.618319842024349e-13,0.01005097177705775
explicit_out_of_range,outside_beam_fwhm_mm_low,False,outside:beam_fwhm_mm,1.3200226763167502,False,33.0,2.5025441788921365,0.2,2.191786311920599,1.4426447735048697,1.3522871092960002e-10,1.146301824158486e-10,0.015891865038374385,1.0651907043598788e-12,9.468189997390393e-13,0.010077925402963952
explicit_out_of_range,outside_beam_fwhm_mm_low,False,outside:beam_fwhm_mm,0.8012186603674876,False,33.0,2.448600825765015,0.2,6.816727447047276,2.7467164114049853,1.4125259367019248e-10,5.281403078740443e-11,0.012726099995747024,1.1126405680413679e-12,5.558234588894075e-13,0.008163093625167813
explicit_out_of_range,outside_beam_fwhm_mm_low,False,outside:beam_fwhm_mm,0.7740585492918117,False,40.0,1.6408257772352757,0.2,6.887869851715235,2.739567391064515,4.4407034437808445e-10,9.353390696885485e-11,0.01989750066050884,3.2892048666969134e-12,1.1127658246199076e-12,0.012506929632500042
explicit_out_of_range,outside_beam_fwhm_mm_low,False,outside:beam_fwhm_mm,0.710447476059422,False,33.0,2.864437611359338,0.2,3.57842751142023,3.3518811301722797,1.0321758156535216e-10,7.283871546516316e-11,0.013859741589880573,8.130404235470288e-13,6.335338101005037e-13,0.008838424137867291
explicit_out_of_range,outside_beam_fwhm_mm_low,False,outside:beam_fwhm_mm,1.2224156452732011,False,40.0,2.0189621020866486,0.2,7.169821397211092,4.377264315883471,2.933056155101003e-10,8.243548379674539e-11,0.02204835206399043,2.17249872723761e-12,8.907237842495834e-13,0.013805091720113842
explicit_out_of_range,outside_beam_fwhm_mm_low,False,outside:beam_fwhm_mm,0.8012724899666935,False,40.0,2.6485031305495155,0.2,0.9877440372864692,4.890550535040054,1.7044165023292146e-10,1.2538208568288825e-10,0.022210652131506362,1.262452024845561e-12,1.0243494780897174e-12,0.014354403428076876
explicit_out_of_range,outside_beam_fwhm_mm_low,False,outside:beam_fwhm_mm,1.1628711969782748,False,40.0,2.413278818541247,0.2,7.6317288705076525,2.054909821791398,2.0528712354208953e-10,6.426307764492772e-11,0.019607505013085377,1.5205505487435901e-12,6.921472628139837e-13,0.01256974043641894
explicit_out_of_range,outside_beam_fwhm_mm_high,False,outside:beam_fwhm_mm,1.0644809784183689,False,33.0,2.4672040627421796,17.0,6.032697705463767,4.485030086026741,1.3913047608855807e-10,4.004997705386326e-11,0.022300234620871634,1.0959247396793537e-12,4.2589032257922585e-13,0.014015155362758283
explicit_out_of_range,outside_beam_fwhm_mm_high,False,outside:beam_fwhm_mm,1.643719917073981,False,33.0,1.5419899545340792,17.0,7.0478843017570965,2.9909292323291092,3.561798325136415e-10,5.481204582784429e-11,0.03780338819843315,2.805613128054623e-12,6.509368489026983e-13,0.024853022447035845
explicit_out_of_range,outside_beam_fwhm_mm_high,False,outside:beam_fwhm_mm,1.6764329795304485,False,33.0,1.580550087548106,17.0,7.382267861633088,3.147159781782814,3.3901263757724333e-10,5.269462726092754e-11,0.040486772704651564,2.6703878764014797e-12,6.249533328602798e-13,0.026618838097510526
explicit_out_of_range,outside_beam_fwhm_mm_high,False,outside:beam_fwhm_mm,1.2209930271504235,False,40.0,1.6084256931908296,17.0,7.079663376297903,1.6305560028333712,4.6214122131438733e-10,7.454147860960605e-11,0.03549722428704574,3.423054868429436e-12,8.423537718518704e-13,0.02241197645100346
explicit_out_of_range,outside_beam_fwhm_mm_high,False,outside:beam_fwhm_mm,1.1701430593763438,False,33.0,1.8082165471314393,17.0,2.5390654745181847,4.573996188188375,2.59018948443375e-10,5.851303513062759e-11,0.025493168491745145,2.040281048590262e-12,6.545568256062127e-13,0.016264030504673843
explicit_out_of_range,outside_beam_fwhm_mm_high,False,outside:beam_fwhm_mm,0.9675544066808198,False,33.0,2.7581355934066014,17.0,5.93132481671393,4.790565585877035,1.1132717498255013e-10,3.599253348264524e-11,0.027192103215484504,8.769193399750232e-13,3.7387274222051065e-13,0.0172068657067865
explicit_out_of_range,outside_beam_fwhm_mm_high,False,outside:beam_fwhm_mm,1.4208837811987745,False,33.0,2.903534237969372,17.0,6.555044572995472,2.534621706670118,1.0045660834152964e-10,3.383201561902864e-11,0.029956652594310323,7.912923569361348e-13,3.4903843006880784e-13,0.01975918953431362
explicit_out_of_range,outside_beam_fwhm_mm_high,False,outside:beam_fwhm_mm,1.1282353866026469,False,33.0,1.7874589005453243,17.0,0.35460572219024566,2.160680785365234,2.650698209802428e-10,6.35080487648443e-11,0.03807922723251817,2.0879435097291066e-12,7.019120949706539e-13,0.024545100502935985
explicit_out_of_range,outside_beam_fwhm_mm_high,False,outside:beam_fwhm_mm,0.8104498131049082,False,40.0,1.6354135975710207,17.0,4.080372553358554,3.056529564856286,4.4701438903462755e-10,8.355696613761871e-11,0.0196740543965189,3.3110112452012837e-12,9.325751322456705e-13,0.012419068810263965
explicit_out_of_range,outside_beam_fwhm_mm_high,False,outside:beam_fwhm_mm,1.25367385653725,False,33.0,2.6609658349731946,17.0,1.5278933160614478,1.8280070579680419,1.1960623430209173e-10,4.2541413887564103e-11,0.028737866141160428,9.421331319826303e-13,4.364409039735304e-13,0.018573135131596863
explicit_out_of_range,outside_beam_fwhm_mm_high,False,outside:beam_fwhm_mm,0.8420151385021525,False,33.0,2.3468967334114907,17.0,5.031848148303513,3.3119853553388685,1.537603834306843e-10,4.4523889808416506e-11,0.017498601318988474,1.2111638867462219e-12,4.726466350132799e-13,0.011025786919635341
explicit_out_of_range,outside_beam_fwhm_mm_high,False,outside:beam_fwhm_mm,1.184610744391326,False,33.0,1.729484391105606,17.0,3.194205657397694,2.4277696094564534,2.831386263285922e-10,6.137197919253124e-11,0.019852103350180846,2.2302707075825986e-12,6.906877340963271e-13,0.012521736315838439
explicit_out_of_range,outside_radial_offset_mm_low,False,outside:radial_offset_mm,1.4764366401421405,False,40.0,2.882105850081402,6.1230852303788,-1.0,0.901392626622675,1.439318334967737e-10,1.1393716008478708e-10,0.032163262020165326,1.0660952554109846e-12,9.099479235491708e-13,0.020456551086884
explicit_out_of_range,outside_radial_offset_mm_low,False,outside:radial_offset_mm,1.7044984707708977,False,40.0,1.9886746627694682,13.424248821956345,-1.0,1.3852630778406994,3.023077149478924e-10,1.0583915723268555e-10,0.03748294012058439,2.239176787720895e-12,1.0408123531848813e-12,0.023848149501906894
explicit_out_of_range,outside_radial_offset_mm_low,False,outside:radial_offset_mm,1.0193219531386963,False,33.0,2.122822847259181,10.405284966941343,-1.0,4.117186201042719,1.8793380551492671e-10,8.413591531014594e-11,0.02527826159788633,1.480346453747486e-12,8.108767576886058e-13,0.016013457172453338
explicit_out_of_range,outside_radial_offset_mm_low,False,outside:radial_offset_mm,1.0118761262710003,False,40.0,1.848765598289665,10.472727774254324,-1.0,0.6237302051251177,3.4979452629598567e-10,1.473257240976039e-10,0.03633801243768365,2.5909090143094876e-12,1.3936576123619854e-12,0.023005995414512943
explicit_out_of_range,outside_radial_offset_mm_low,False,outside:radial_offset_mm,0.8044769308628836,False,40.0,2.957151309761489,3.4863754844572004,-1.0,2.8773461534979283,1.3671923448224441e-10,1.177121919651654e-10,0.024547808617466377,1.0126719271467478e-12,9.139164749181875e-13,0.015905808792099695
explicit_out_of_range,outside_radial_offset_mm_low,False,outside:radial_offset_mm,1.6509449782975214,False,33.0,2.4380507336734496,2.9346957430155163,-1.0,1.03393775555229,1.4247771352218627e-10,1.3152529967306504e-10,0.03514098791861802,1.1222907841019936e-12,1.0619709014399446e-12,0.022212960407088728
explicit_out_of_range,outside_radial_offset_mm_low,False,outside:radial_offset_mm,1.1844051415867705,False,33.0,2.704849312295824,10.297517858928721,-1.0,2.6595931363468015,1.1575673356532636e-10,6.637537275202718e-11,0.02279390432505152,9.118107812551751e-13,6.045112574735108e-13,0.014293288649350547
explicit_out_of_range,outside_radial_offset_mm_low,False,outside:radial_offset_mm,1.395323554464003,False,40.0,2.795622629095565,11.625565862571166,-1.0,4.830395605722171,1.529747024935289e-10,7.955023611132855e-11,0.03847261957430863,1.133075293798114e-12,7.095781370389907e-13,0.02465611588564268
explicit_out_of_range,outside_radial_offset_mm_low,False,outside:radial_offset_mm,1.7634567340998877,False,40.0,2.598973015930744,14.113759413152392,-1.0,4.1526279317174914,1.7699996105578383e-10,7.507292386079119e-11,0.04176338060877978,1.311029076091982e-12,7.039752916601765e-13,0.026315621132803693
explicit_out_of_range,outside_radial_offset_mm_low,False,outside:radial_offset_mm,1.3711331282194203,False,40.0,2.2036948470014943,13.03337072047831,-1.0,3.4356943598678598,2.461919223067631e-10,9.690212559877649e-11,0.031096519932233196,1.8235301664355796e-12,9.231211384089651e-13,0.01931722746691116
explicit_out_of_range,outside_radial_offset_mm_low,False,outside:radial_offset_mm,1.599047415458943,False,33.0,1.5671408535259785,12.272365542853098,-1.0,2.3290131718467726,3.4483897829135094e-10,1.0541082557363247e-10,0.044494603422212814,2.7162817100884094e-12,1.1071391906802768e-12,0.029673900553760287
explicit_out_of_range,outside_radial_offset_mm_low,False,outside:radial_offset_mm,1.2085170916958343,False,33.0,2.372404059926513,8.17909556149193,-1.0,2.0011523541608196,1.5047179339554838e-10,9.15577815581358e-11,0.022741468214235103,1.1852598053437086e-12,8.239967817895805e-13,0.014187142802752777
explicit_out_of_range,outside_radial_offset_mm_high,False,outside:radial_offset_mm,1.2857357200726494,False,40.0,2.7671271379581697,4.034591321377284,9.0,3.2893269971185295,1.561415493414259e-10,4.960011616325591e-11,0.03514639257774473,1.1565319560050324e-12,5.234628646533915e-13,0.022829694919334845
explicit_out_of_range,outside_radial_offset_mm_high,False,outside:radial_offset_mm,1.169483315880142,False,40.0,2.7883014541182143,9.153880191081356,9.0,1.6490681668589773,1.5377908100222252e-10,4.815111787744585e-11,0.031471194512198264,1.1390332816235941e-12,5.019681124279418e-13,0.02028937694632586
explicit_out_of_range,outside_radial_offset_mm_high,False,outside:radial_offset_mm,1.8741815964399542,False,40.0,2.17598981654481,3.740912004846309,9.0,0.5536202952005675,2.525009372591375e-10,5.432682394345703e-11,0.03495516948287754,1.8702606967403584e-12,6.439919284138739e-13,0.021744685452199576
explicit_out_of_range,outside_radial_offset_mm_high,False,outside:radial_offset_mm,1.2559436700007363,False,40.0,1.8565859861605933,12.293516161121861,9.0,4.8396342719274354,3.468538949032185e-10,6.577911954473188e-11,0.041746139674168764,2.569127917664096e-12,7.30032852933027e-13,0.026277000838448306
explicit_out_of_range,outside_radial_offset_mm_high,False,outside:radial_offset_mm,0.8517427240432819,False,40.0,1.7780677273371104,2.826655906696934,9.0,2.612480359572618,3.781639388780784e-10,6.125349551046287e-11,0.02265003264755342,2.801039708943095e-12,7.706418409139971e-13,0.014178961007034514
explicit_out_of_range,outside_radial_offset_mm_high,False,outside:radial_offset_mm,1.2690354525498453,False,33.0,2.7878122685396027,9.892953822541344,9.0,4.009421994355949,1.0896960190392464e-10,3.3356233827009255e-11,0.039284897250952286,8.58348838851868e-13,3.6012928797844224e-13,0.024706050898902328
explicit_out_of_range,outside_radial_offset_mm_high,False,outside:radial_offset_mm,1.4056584126679454,False,33.0,1.7683001078277623,4.616652873393432,9.0,3.9974159407026564,2.7084477852317067e-10,4.728262747792878e-11,0.029880387331980476,2.1334326004001115e-12,5.905234849736035e-13,0.018658763703403348
explicit_out_of_range,outside_radial_offset_mm_high,False,outside:radial_offset_mm,1.3519558488131933,False,33.0,1.7736687945543634,6.02107543263615,9.0,0.6225140654575319,2.6920762946107243e-10,4.381220656136442e-11,0.029500086117325193,2.1205368480808695e-12,5.65044961786522e-13,0.0183341505768769
explicit_out_of_range,outside_radial_offset_mm_high,False,outside:radial_offset_mm,2.108936382427974,False,33.0,2.1451771197268377,1.9146923885081528,9.0,4.8651871785339935,1.840374054392381e-10,4.2750576224752124e-11,0.046913583545237655,1.449654678956766e-12,4.994321214178586e-13,0.02916257931048334
explicit_out_of_range,outside_radial_offset_mm_high,False,outside:radial_offset_mm,0.7366345415628416,False,40.0,1.900508972009214,7.650337664765946,9.0,1.392252797721964,3.310067600202486e-10,6.348920278836064e-11,0.020414167426157846,2.4517490522654916e-12,7.435880581615947e-13,0.012655812113152634
explicit_out_of_range,outside_radial_offset_mm_high,False,outside:radial_offset_mm,0.9371996499489424,False,40.0,1.5165521053622653,3.1153242156159244,9.0,2.2673225176962823,5.19830837300597e-10,6.444909294300469e-11,0.03154757753629771,3.850358713556639e-12,8.602545425602946e-13,0.02035865137077166
explicit_out_of_range,outside_radial_offset_mm_high,False,outside:radial_offset_mm,1.8521984719977018,False,40.0,1.6842542004144432,11.902088580993937,9.0,4.780482234360672,4.2146492076078945e-10,7.104158962181011e-11,0.046629019091345786,3.121767724547996e-12,8.038142437589635e-13,0.0294511010650672
explicit_out_of_range,outside_target_radius_mm_low,False,outside:target_radius_mm,0.9556437736122246,False,33.0,2.5763442893611845,3.2344257426033574,4.759101578559824,0.2,1.275923438445082e-10,7.221637864976358e-11,0.014756730257534191,1.0050393712723794e-12,6.720817974364378e-13,0.00927195013789986
explicit_out_of_range,outside_target_radius_mm_low,False,outside:target_radius_mm,1.0867659461062222,False,40.0,2.3318027884109522,6.568325114744231,5.971576068664725,0.2,2.198837206505773e-10,9.02247648314652e-11,0.012136432362803852,1.628666748922846e-12,8.711129966328517e-13,0.007661277609210249
explicit_out_of_range,outside_target_radius_mm_low,False,outside:target_radius_mm,1.5945679287553274,False,33.0,2.8220887232305225,14.125569962160876,4.34069665088047,0.2,1.063386365479849e-10,4.4075538564498404e-11,0.022052604409403005,8.37624838590571e-13,4.360508523326137e-13,0.014482756876390638
explicit_out_of_range,outside_target_radius_mm_low,False,outside:target_radius_mm,1.4674533696674397,False,33.0,2.2103148378324384,7.736322956143628,3.3139106855761,0.2,1.73350115781676e-10,8.862568911269687e-11,0.013363828447438933,1.3654713607857964e-12,8.358873725805112e-13,0.008342320762376752
explicit_out_of_range,outside_target_radius_mm_low,False,outside:target_radius_mm,1.3012416741258401,False,33.0,1.8636022614384622,6.47151474823537,6.856651608587273,0.2,2.438517949588624e-10,6.502590493251463e-11,0.01325424491350827,1.9208100369075947e-12,7.327879740185589e-13,0.008379191373325129
explicit_out_of_range,outside_target_radius_mm_low,False,outside:target_radius_mm,1.15433312205985,False,33.0,1.7278546389913587,8.278307573597923,1.8160073668502665,0.2,2.8367300391752106e-10,1.2836576715017302e-10,0.014844637795067717,2.2344799767269414e-12,1.2459451840365645e-12,0.009485643566055997
explicit_out_of_range,outside_target_radius_mm_low,False,outside:target_radius_mm,0.7751025799857789,False,33.0,2.132901638847681,1.4221903946602295,3.366400742616089,0.2,1.8616188098212946e-10,1.2026415523751282e-10,0.014616672912263911,1.4663890808775674e-12,1.0783666850137755e-12,0.009092788462713346
explicit_out_of_range,outside_target_radius_mm_low,False,outside:target_radius_mm,1.0599284967472495,False,33.0,2.613691689671139,6.744090435081053,3.3532830588710185,0.2,1.239720264529204e-10,7.573214603096711e-11,0.013522109788025361,9.765222878376396e-13,6.832610110325662e-13,0.008365544494041475
explicit_out_of_range,outside_target_radius_mm_low,False,outside:target_radius_mm,1.300525429765133,False,40.0,1.8026050289508262,2.88189872347124,0.022977127074767623,0.2,3.6793877235706374e-10,3.229602599549473e-10,0.02563077702114468,2.725302457155183e-12,2.5087513709749264e-12,0.015883906915266928
explicit_out_of_range,outside_target_radius_mm_low,False,outside:target_radius_mm,0.7528084861278037,False,33.0,2.300525004918437,7.429797363694373,5.988681861188704,0.2,1.6002155935564688e-10,6.268830180215724e-11,0.01144120251171507,1.2604828985728161e-12,6.363080189881437e-13,0.007176422049908518
explicit_out_of_range,outside_target_radius_mm_low,False,outside:target_radius_mm,0.8660137750373249,False,40.0,1.8925919478173978,7.391424250201883,3.337550359351594,0.2,3.3378186397937177e-10,1.5449307645513793e-10,0.01066200979614712,2.4723040962207938e-12,1.4299312546744375e-12,0.006693848817412597
explicit_out_of_range,outside_target_radius_mm_low,False,outside:target_radius_mm,1.1540325459154184,False,40.0,2.4172923018443786,4.124734570540225,7.87387560128689,0.2,2.0460600404420608e-10,6.32491366650426e-11,0.02020899882637141,1.5155055337012596e-12,6.771472310292448e-13,0.012554818896188376
explicit_out_of_range,outside_target_radius_mm_high,False,outside:target_radius_mm,1.1303881832557645,False,40.0,1.808663347246135,5.6818241991664085,0.5189058048738486,5.6,3.654779972136889e-10,1.7050837686935212e-10,0.019062564149919074,2.707075629626831e-12,1.5770862290529295e-12,0.01192342589505716
explicit_out_of_range,outside_target_radius_mm_high,False,outside:target_radius_mm,1.3783412784579432,False,40.0,1.9564664260375149,11.125244521103092,2.9497005476626565,5.6,3.123430972187802e-10,1.0605510542384678e-10,0.01750271077502986,2.3135083178995113e-12,1.050252566935122e-12,0.010793166977948458
explicit_out_of_range,outside_target_radius_mm_high,False,outside:target_radius_mm,1.4975873874186727,False,40.0,1.6466289843205533,8.42328098926695,3.877342102860287,5.6,4.40945789810005e-10,1.3682007179652273e-10,0.022062709175716268,3.266061461104315e-12,1.3726303565092827e-12,0.013580872128397651
explicit_out_of_range,outside_target_radius_mm_high,False,outside:target_radius_mm,1.1869677616075023,False,33.0,1.6100527706394536,5.159523839180068,0.3270579369660407,5.6,3.2670230089233497e-10,1.4657047865594978e-10,0.025707839719915093,2.5734198870287842e-12,1.4288715493538365e-12,0.016889036556856724
explicit_out_of_range,outside_target_radius_mm_high,False,outside:target_radius_mm,1.8029923575685074,False,40.0,2.764132424092033,13.952669728980439,0.857531282271772,5.6,1.5648006609395307e-10,6.692171255868049e-11,0.03222236880231933,1.1590393311629708e-12,6.327887776584316e-13,0.020536996278762352
explicit_out_of_range,outside_target_radius_mm_high,False,outside:target_radius_mm,1.6274859393028602,False,33.0,2.7182843514364783,1.0225991452712984,3.3316183645812405,5.6,1.1461531288213086e-10,7.177865710462793e-11,0.0317470889460627,9.028198599253333e-13,6.400691017115109e-13,0.019704767692775915
explicit_out_of_range,outside_target_radius_mm_high,False,outside:target_radius_mm,0.9777036163141635,False,40.0,2.7764849956354647,5.859045860950737,1.4817854106932282,5.6,1.550908049146927e-10,9.486057730262187e-11,0.017779903140635392,1.1487491492361953e-12,8.173280241760035e-13,0.011071562945706036
explicit_out_of_range,outside_target_radius_mm_high,False,outside:target_radius_mm,0.6705275935618711,False,33.0,2.243566173187779,8.932756191031999,5.545702899471391,5.6,1.6824983517679533e-10,6.10486317544137e-11,0.010985139323820182,1.3252966711610896e-12,6.210978475163543e-13,0.006956595057815255
explicit_out_of_range,outside_target_radius_mm_high,False,outside:target_radius_mm,1.029428277125397,False,33.0,2.980989956896075,4.312258317455509,3.187249325071307,5.6,9.530405700313979e-11,6.033079136806294e-11,0.022525693069417024,7.507059330054415e-13,5.370930631782104e-13,0.01440334805405235
explicit_out_of_range,outside_target_radius_mm_high,False,outside:target_radius_mm,0.9115891514003622,False,33.0,2.197856999608277,11.86503421046034,1.3434884448328566,5.6,1.753208428151593e-10,6.63374181955287e-11,0.017084730425838968,1.3809946923510139e-12,6.717767629234729e-13,0.010747417762833797
explicit_out_of_range,outside_target_radius_mm_high,False,outside:target_radius_mm,1.6166769275886692,False,33.0,2.0294206463421824,3.9003338617673027,3.3736185502667286,5.6,2.0563084755225602e-10,1.0056967685225096e-10,0.020926313374512562,1.619745288087058e-12,9.540380506593665e-13,0.013176581278055046
explicit_out_of_range,outside_target_radius_mm_high,False,outside:target_radius_mm,1.8611706932726442,False,40.0,2.1636464009607304,7.2545238338232885,0.6083199581128662,5.6,2.5539014718087896e-10,1.259838326031884e-10,0.015867729804200297,1.8916609173491227e-12,1.1469174764335382e-12,0.009927501912653366
explicit_out_of_range,outside_multiple_features,False,"outside:deuteron_energy_mev,target_radius_mm",0.8866801284860708,False,42.0,2.054322628525255,13.088437770264754,6.830966991958999,5.6,2.832953275858889e-10,7.811470482402258e-11,0.020129914748792378,2.0983530695187503e-12,7.992314162162221e-13,0.015434825932124549
explicit_out_of_range,outside_multiple_features,False,"outside:beam_fwhm_mm,target_radius_mm",2.132099692076491,False,33.0,2.1010624922246546,0.2,5.838768575637501,5.6,1.9184676242592098e-10,7.34142153382008e-11,0.03006476731691198,1.5111686460134591e-12,7.431903200732506e-13,0.019351529202354164
explicit_out_of_range,outside_multiple_features,False,"outside:deuteron_energy_mev,beam_fwhm_mm",1.432629773795092,False,42.0,2.1713282866418306,17.0,3.001469402737005,3.863893899545527,2.53586267511063e-10,7.535331757973404e-11,0.030637681466180604,1.8782996788336263e-12,7.677856663335127e-13,0.02125777559287111
explicit_out_of_range,outside_multiple_features,False,"outside:target_distance_cm,radial_offset_mm;far_from_training",2.756807504191102,False,33.0,1.2,3.8889822408255004,-1.0,0.5094720048164953,5.881253811003071e-10,3.8271949545452765e-10,0.07058835854638083,4.632638177496907e-12,3.342830833219856e-12,0.048749148914563646
explicit_out_of_range,outside_multiple_features,False,"outside:deuteron_energy_mev,radial_offset_mm",1.2776331469359148,False,42.0,2.9821024428383094,14.728159211015521,-1.0,1.5369934778333447,1.3444095680828847e-10,6.546438818379035e-11,0.0454779923404672,9.957968484396622e-13,5.949104048373018e-13,0.03130950466983907
explicit_out_of_range,outside_multiple_features,False,"outside:beam_fwhm_mm,radial_offset_mm",1.4579225749504119,False,40.0,2.323545087445982,17.0,-1.0,0.8895721906240543,2.2144939760835027e-10,6.834799836810302e-11,0.06864374423003146,1.6402636329174176e-12,6.929408265940374e-13,0.04345996742015139
explicit_out_of_range,outside_multiple_features,False,"outside:target_distance_cm,radial_offset_mm",1.733545045971141,False,33.0,3.3,8.998442030016726,9.0,1.5690302368227034,7.776864543475135e-11,2.936893135425805e-11,0.04599355412607689,6.125802548756241e-13,3.0201089204953916e-13,0.03153578627638265
explicit_out_of_range,outside_multiple_features,False,"outside:target_distance_cm,beam_fwhm_mm",1.316666278009173,False,33.0,3.3,17.0,2.8117014764434405,1.8075221450793428,7.776864543475135e-11,3.279222701569465e-11,0.03695981086100374,6.125802548756241e-13,3.22631456228716e-13,0.026494287886463967
explicit_out_of_range,outside_multiple_features,False,"outside:deuteron_energy_mev,radial_offset_mm",1.9568111470721434,False,42.0,1.5180131271961725,8.589296714214177,-1.0,3.1873172357457817,5.188306895359667e-10,2.238507731962473e-10,0.046176276837980056,3.842950673509639e-12,2.078453003137278e-12,0.030664561170395278
explicit_out_of_range,outside_multiple_features,False,"outside:deuteron_energy_mev,radial_offset_mm",1.4542696184959225,False,31.0,1.7976331511550832,2.258522434326512,-1.0,3.6960873238287593,2.620778257990104e-10,1.8567082881426592e-10,0.04328954038037782,2.0643756931565034e-12,1.6114256605525152e-12,0.029049773129089473
explicit_out_of_range,outside_multiple_features,False,"outside:deuteron_energy_mev,beam_fwhm_mm",1.2074551117180718,False,31.0,2.3784020274720135,0.2,5.9163524764333095,1.9547697955238257,1.4971381647852548e-10,5.97051862218267e-11,0.019392487638778676,1.1792892539675848e-12,6.173518544584303e-13,0.015118161908896923
explicit_out_of_range,outside_multiple_features,False,"outside:target_distance_cm,radial_offset_mm;far_from_training",2.3967834857139265,False,33.0,1.2,9.758095070026451,-1.0,4.98727109067116,5.881253811003071e-10,1.5438379612607244e-10,0.08151652255906106,4.632638177496907e-12,1.6602569497896385e-12,0.05526339857715487
explicit_out_of_range,outside_multiple_features,False,"outside:target_distance_cm,radial_offset_mm",2.1297643709613623,False,40.0,3.3,8.953040548557082,9.0,1.1825833676436353,1.0978647268034252e-10,4.126686757324422e-11,0.04243167996235747,8.131824266342333e-13,4.0919553964570147e-13,0.029889356863335773
explicit_out_of_range,outside_multiple_features,False,"outside:target_distance_cm,target_radius_mm",2.0564284099751564,False,33.0,3.3,7.654881532681564,0.8829520990336537,0.2,7.776864543475135e-11,5.87525952027559e-11,0.03460005108683782,6.125802548756241e-13,4.985895650383787e-13,0.024203250791692985
explicit_out_of_range,outside_multiple_features,False,"outside:deuteron_energy_mev,target_radius_mm",1.1823489375898453,False,42.0,2.381428402815935,3.648298417800831,7.090262463962341,0.2,2.1081507027701556e-10,7.874407987688913e-11,0.02130715280758092,1.5614957492811862e-12,7.993832080981252e-13,0.016036505689373856
explicit_out_of_range,outside_multiple_features,False,"outside:deuteron_energy_mev,target_radius_mm",1.2292361126957205,False,42.0,1.7826826074256732,13.44977886826234,3.8057018031304795,5.6,3.7620854611790427e-10,1.0173153056111541e-10,0.024672620153241582,2.7865562212153204e-12,1.0542755250455515e-12,0.017651537311744233
explicit_out_of_range,outside_multiple_features,False,"outside:deuteron_energy_mev,target_radius_mm",0.9206349647794778,False,42.0,1.7786595145316926,7.24999493503767,1.1217033146909197,0.2,3.7791233890062555e-10,2.1349262555143557e-10,0.017006425702934428,2.7991761216065937e-12,1.8750747909594147e-12,0.013768508276014854
explicit_out_of_range,outside_multiple_features,False,"outside:radial_offset_mm,target_radius_mm",1.2932073388138394,False,40.0,1.557812160755555,10.496359170695262,-1.0,0.2,4.926591261069587e-10,1.788885144587404e-10,0.05335302483135865,3.649099327907358e-12,1.7500509112992659e-12,0.03448721837839774
explicit_out_of_range,outside_multiple_features,False,"outside:target_distance_cm,target_radius_mm",1.8946933627171463,False,33.0,3.3,1.7444184159256828,6.787149122895282,0.2,7.776864543475135e-11,4.055525341498332e-11,0.04020874696458514,6.125802548756241e-13,3.874122523770359e-13,0.028347696030181058
explicit_out_of_range,outside_multiple_features,False,"outside:deuteron_energy_mev,target_radius_mm",1.4793241731309401,False,42.0,2.6668161950240394,2.6631652730843163,7.101887080444984,5.6,1.6810883712085767e-10,7.307548224564661e-11,0.028580927363223423,1.2451730051171876e-12,6.926120181437442e-13,0.02029069322319833
explicit_out_of_range,outside_multiple_features,False,"outside:target_distance_cm,radial_offset_mm;far_from_training",2.3500588928046247,False,33.0,3.3,5.520452192933314,9.0,2.701351380486598,7.776864543475135e-11,2.9955892775265354e-11,0.05435599749117919,6.125802548756241e-13,3.0894633552599947e-13,0.03693338559952427
explicit_out_of_range,outside_multiple_features,False,"outside:target_distance_cm,beam_fwhm_mm;far_from_training",2.7261208692719996,False,33.0,1.2,17.0,7.735283708659674,3.708844742809071,5.881253811003071e-10,5.984527621251708e-11,0.07826284387189976,4.632638177496907e-12,7.522435891452068e-13,0.0533985270632556
explicit_out_of_range,outside_multiple_features,False,"outside:deuteron_energy_mev,target_radius_mm",1.453469673393755,False,42.0,1.5096880085372604,1.255419278375057,5.8041392564976695,0.2,5.24568612092659e-10,1.3590678663943472e-10,0.03232560565808885,3.8854511535284835e-12,1.540230723135473e-12,0.0218267473964043
explicit_out_of_range,outside_multiple_features,False,"outside:deuteron_energy_mev,beam_fwhm_mm",1.6644939621635515,False,42.0,2.7828637854720024,17.0,7.965039527062252,3.2065907003278604,1.5438063157151963e-10,4.7353321783989184e-11,0.04004010262871529,1.1434889339434253e-12,4.808332350663824e-13,0.027200760885806714
explicit_out_of_range,outside_multiple_features,False,"outside:radial_offset_mm,target_radius_mm",1.092419691437753,False,33.0,2.7653829335352356,14.826795191110282,9.0,0.2,1.1074442121357234e-10,3.133329812128e-11,0.04433165380261258,8.723290137537745e-13,3.4194417986439876e-13,0.028304492161720044
explicit_out_of_range,outside_multiple_features,False,"outside:target_distance_cm,beam_fwhm_mm",1.4217667072530205,False,33.0,3.3,0.2,2.0804017456152053,2.8573332497528483,7.776864543475135e-11,6.728101972967683e-11,0.03259036519959763,6.125802548756241e-13,5.508296952710738e-13,0.0235306814402985
explicit_out_of_range,outside_multiple_features,False,"outside:deuteron_energy_mev,target_radius_mm",1.653736818876208,False,42.0,2.9901524773239125,2.7832140504979668,4.456232996772042,0.2,1.337180521845342e-10,9.404458743673744e-11,0.027062144774380438,9.904423332446872e-13,7.872368784417631e-13,0.019855992130601147
explicit_out_of_range,outside_multiple_features,False,"outside:beam_fwhm_mm,radial_offset_mm",1.5892899821081727,False,33.0,2.781562726499948,17.0,9.0,3.4849649283915096,1.0945981205770289e-10,2.8956299782153296e-11,0.056561409686876146,8.622102030207482e-13,3.176607657879129e-13,0.035671681272198934
explicit_out_of_range,outside_multiple_features,False,"outside:deuteron_energy_mev,target_radius_mm",1.0924692008591377,False,31.0,2.5926625669157057,9.655833630709598,2.618971226406618,0.2,1.2599126011331601e-10,6.422909077406962e-11,0.020992635158984047,9.92427704004061e-13,6.050929148455279e-13,0.015940997567591597
explicit_out_of_range,outside_multiple_features,False,"outside:target_distance_cm,radial_offset_mm",2.106526551992445,False,33.0,3.3,2.9339062027447236,9.0,4.086873768052179,7.776864543475135e-11,3.032080124876942e-11,0.06957403337415818,6.125802548756241e-13,3.106302988958491e-13,0.047552201210908265
explicit_out_of_range,outside_multiple_features,False,"outside:target_distance_cm,target_radius_mm",1.9120469551888957,False,40.0,3.3,11.18355505800361,0.5596381705865268,0.2,1.0978647268034252e-10,6.703274833851574e-11,0.029126255546919347,8.131824266342333e-13,5.725382041260583e-13,0.021720007285923503
explicit_out_of_range,outside_multiple_features,False,"outside:beam_fwhm_mm,radial_offset_mm",1.7117944673428394,False,40.0,1.7637662624100705,17.0,-1.0,3.668973290037295,3.843214722948865e-10,8.81804696673713e-11,0.0795303729577214,2.846648223760221e-12,9.419313927090546e-13,0.05087429640374165
explicit_out_of_range,outside_multiple_features,False,"outside:beam_fwhm_mm,radial_offset_mm",1.2810179319800004,False,40.0,2.3563237949994855,17.0,-1.0,1.304975457310032,2.1533110735172148e-10,6.785422598251369e-11,0.06475094224411905,1.5949457900514374e-12,6.839597212705235e-13,0.04098506051832671
explicit_out_of_range,outside_multiple_features,False,"outside:deuteron_energy_mev,radial_offset_mm",1.136330269381442,False,42.0,2.9482982956214174,1.8417348914343243,9.0,2.5632538758390284,1.3754153563846125e-10,4.936075734060761e-11,0.04717182752340373,1.0187626670467674e-12,5.087437816449986e-13,0.03220310770458247
explicit_out_of_range,outside_multiple_features,False,"outside:target_distance_cm,target_radius_mm",1.8309624210415598,False,40.0,3.3,6.3331087802789625,6.8945981471220446,5.6,1.0978647268034252e-10,5.344350324520935e-11,0.0307335494921645,8.131824266342333e-13,4.859238949429304e-13,0.022824857514614296
explicit_out_of_range,outside_multiple_features,False,"outside:radial_offset_mm,target_radius_mm",2.047527973766917,False,33.0,1.5204483228837664,2.530462680229817,9.0,0.2,3.663440029156017e-10,4.2027314633111617e-11,0.05342492396224089,2.885675858485694e-12,6.037743852081775e-13,0.0346507412155484
explicit_out_of_range,outside_multiple_features,False,"outside:deuteron_energy_mev,target_radius_mm",1.2486729716846008,False,42.0,2.3079975730175555,13.565210705646681,4.51960113391435,5.6,2.244429746866538e-10,7.894943182798115e-11,0.021417958082382577,1.6624368953733427e-12,7.750218918302771e-13,0.015992686347726343
explicit_out_of_range,outside_multiple_features,False,"outside:radial_offset_mm,target_radius_mm",1.0559282488974167,False,40.0,2.899676769398058,13.143288593456344,-1.0,0.2,1.4219277607148606e-10,6.927891084901236e-11,0.03847242200049163,1.0532141517319438e-12,6.31852390880988e-13,0.024857385000754795
explicit_out_of_range,outside_multiple_features,False,"outside:target_distance_cm,target_radius_mm",2.0489910529272977,False,40.0,3.3,14.756844474511794,0.5068175472966328,5.6,1.0978647268034252e-10,5.352066489996942e-11,0.05464994853771285,8.131824266342333e-13,4.874134936073121e-13,0.038421808617724984
explicit_out_of_range,outside_multiple_features,False,"outside:deuteron_energy_mev,radial_offset_mm",1.30326604282865,False,31.0,2.0917007145342605,6.593451905616873,-1.0,2.0708719548687022,1.935678938919321e-10,1.170291778502093e-10,0.027963489062991086,1.524725924094227e-12,1.0543703835561847e-12,0.01952535534815051
explicit_out_of_range,outside_multiple_features,False,"outside:deuteron_energy_mev,radial_offset_mm",1.0025748071763598,False,31.0,1.9688140028704733,2.6112433538188267,-1.0,1.374412136299703,2.1848570892161167e-10,1.8685415854536412e-10,0.0370931930869989,1.7210024748364093e-12,1.540369733010439e-12,0.02478112082329247
explicit_out_of_range,outside_multiple_features,False,"outside:deuteron_energy_mev,target_radius_mm",1.2637156585125942,False,42.0,2.3038320726300974,5.671683281144934,4.605165948529035,5.6,2.2525532773032707e-10,1.092306442528121e-10,0.021717308383892155,1.668453950145303e-12,9.955712004811385e-13,0.016026795396522176
explicit_out_of_range,outside_multiple_features,False,"outside:beam_fwhm_mm,target_radius_mm",1.472340893688518,False,33.0,1.5283790846178054,17.0,6.607830745983316,0.2,3.6255194765931126e-10,5.7208943907004207e-11,0.03839625177535228,2.8558060033221523e-12,6.773450665361001e-13,0.024883632038462587
explicit_out_of_range,outside_multiple_features,False,"outside:deuteron_energy_mev,target_radius_mm",1.040904262601025,False,42.0,1.8069766458487417,12.040710820352771,5.567910476771559,0.2,3.6616061805456744e-10,1.0854302036203163e-10,0.017691218525343763,2.7121317650349962e-12,1.0957276725828974e-12,0.014083910662841544
explicit_out_of_range,outside_multiple_features,False,"outside:radial_offset_mm,target_radius_mm",1.0060105383701017,False,40.0,2.6157765154091965,3.9995652094321827,-1.0,5.6,1.7473320341294562e-10,1.1622751709243839e-10,0.030607767416356867,1.2942393256282628e-12,9.76274282810826e-13,0.019114296373499113
explicit_out_of_range,outside_multiple_features,False,"outside:deuteron_energy_mev,radial_offset_mm",0.8797871675868176,False,42.0,2.715298468252421,12.555706374481618,-1.0,0.6461204118434578,1.621591885292131e-10,8.366688217180527e-11,0.03189255260592928,1.2011042818833025e-12,7.534444470985393e-13,0.021980357650957634
explicit_out_of_range,outside_multiple_features,False,"outside:deuteron_energy_mev,target_distance_cm;far_from_training",2.5760104271406656,False,31.0,1.2,4.2933893961024,5.851946932007675,1.3736228018756962,5.881253811003071e-10,9.98141399397835e-11,0.037039154650889736,4.632638177496907e-12,1.265056149081036e-12,0.027608651568617224
explicit_out_of_range,outside_multiple_features,False,"outside:deuteron_energy_mev,beam_fwhm_mm",1.1926882614608054,False,31.0,2.1772401599687368,17.0,4.224924389811778,3.0767810279552936,1.7865687837945895e-10,4.594343152993992e-11,0.022288663595954602,1.4072725001336815e-12,5.008721635451107e-13,0.016501922497298906
explicit_out_of_range,outside_multiple_features,False,"outside:deuteron_energy_mev,target_radius_mm",0.9471366575276566,False,42.0,2.060171180627225,6.644235603004946,5.1855899047341785,5.6,2.8168913516272696e-10,1.1282756493656009e-10,0.019894771876913353,2.0864560896776064e-12,1.0734645301897376e-12,0.015094013908700075
explicit_out_of_range,outside_multiple_features,False,"outside:deuteron_energy_mev,target_radius_mm",1.4529351693376595,False,42.0,2.0605472605117487,4.754420911173058,3.446748692251928,5.6,2.815863198069479e-10,1.4055248986903565e-10,0.02431683698374312,2.0856945419343694e-12,1.272602292176702e-12,0.0173654713471817
explicit_out_of_range,outside_multiple_features,False,"outside:deuteron_energy_mev,target_distance_cm",1.3980471959602911,False,31.0,3.3,4.535566221690274,2.4031189649150244,1.2774075366326314,7.776864543475135e-11,6.010720699384226e-11,0.025495804169913688,6.125802548756241e-13,5.062955561504973e-13,0.02000862590766479
explicit_out_of_range,outside_multiple_features,False,"outside:radial_offset_mm,target_radius_mm",2.138839721298605,False,40.0,2.2355967870759903,10.917317105405115,-1.0,5.6,2.3921574328066813e-10,1.0171477877709611e-10,0.0436107238889291,1.7718579881555456e-12,9.536512635626882e-13,0.02682547231835665
explicit_out_of_range,outside_multiple_features,False,"outside:beam_fwhm_mm,target_radius_mm",1.6750934667332416,False,33.0,1.5757767171057084,17.0,6.269419154633523,5.6,3.410696344549746e-10,5.6577135484272425e-11,0.04466488227649257,2.6865907517967597e-12,6.577659145018723e-13,0.0295030744884241
explicit_out_of_range,outside_multiple_features,False,"outside:deuteron_energy_mev,target_radius_mm",1.3754772222393041,False,31.0,2.0678356253657038,6.409044588862628,5.454372778926255,0.2,1.980616477705258e-10,7.144292321520438e-11,0.018966244334963973,1.5601230289416666e-12,7.430447543151978e-13,0.014677360439711561
explicit_out_of_range,outside_multiple_features,False,"outside:deuteron_energy_mev,target_distance_cm",1.2976826094199674,False,31.0,3.3,3.6951881833980575,2.541232521419799,1.3396032682758539,7.776864543475135e-11,6.120617467438892e-11,0.02494930068940994,6.125802548756241e-13,5.132371491890611e-13,0.019693885819387476
explicit_out_of_range,outside_multiple_features,False,"outside:target_distance_cm,target_radius_mm",1.7973152624020166,False,40.0,3.3,6.5008045589095484,6.482219973832065,5.6,1.0978647268034252e-10,5.5417103347898914e-11,0.027989477379617635,8.131824266342333e-13,4.986134391102567e-13,0.020931602927818805
explicit_out_of_range,outside_multiple_features,False,"outside:radial_offset_mm,target_radius_mm",1.3730599324917958,False,33.0,2.65118751623428,5.833304772560193,-1.0,5.6,1.204901436327809e-10,7.641603313431841e-11,0.03701414215855136,9.490956475318409e-13,6.801687450708152e-13,0.022972422283132298
explicit_out_of_range,outside_multiple_features,False,"outside:deuteron_energy_mev,beam_fwhm_mm",1.226459172586348,False,42.0,1.8504452390355985,17.0,0.9517281695160893,2.388826070207359,3.491598006873416e-10,9.178420325698701e-11,0.03653402885187476,2.5862076362791824e-12,9.534319525911283e-13,0.02470062834938124
explicit_out_of_range,outside_multiple_features,False,"outside:target_distance_cm,radial_offset_mm;far_from_training",2.841741272166796,False,33.0,1.2,8.528989057872286,-1.0,0.670442009924348,5.881253811003071e-10,2.1370258048845686e-10,0.0690908650841033,4.632638177496907e-12,2.1612039209029817e-12,0.0482293329475247
explicit_out_of_range,outside_multiple_features,False,"outside:deuteron_energy_mev,beam_fwhm_mm",0.938307456921192,False,42.0,1.6152691835730422,0.2,2.8710199090388837,1.0863012661887363,4.582335638924274e-10,2.905274314592554e-10,0.02061994617329039,3.3941110626283626e-12,2.521005037869184e-12,0.01556305172897602
explicit_out_of_range,outside_multiple_features,False,"outside:target_distance_cm,beam_fwhm_mm;far_from_training",2.9374533655599,False,40.0,1.2,0.2,6.99820308396849,4.525402022020819,8.302601996450902e-10,1.0910249058238772e-10,0.06820877554711095,6.149692101421388e-12,1.403866424170921e-12,0.04488419000473677
explicit_out_of_range,outside_multiple_features,False,"outside:target_distance_cm,radial_offset_mm",2.1619666906481814,False,33.0,3.3,6.366811809340222,9.0,3.7349487950950344,7.776864543475135e-11,2.985489410674105e-11,0.0585228961072581,6.125802548756241e-13,3.0615456835842396e-13,0.039624355210161395
explicit_out_of_range,outside_multiple_features,False,"outside:deuteron_energy_mev,target_distance_cm",1.4079743743275805,False,42.0,3.3,14.519691089058181,3.251793178355592,3.403507155757432,1.0978647268034252e-10,5.545416343125179e-11,0.026655698750843962,8.131824266342333e-13,4.985640928322619e-13,0.021171182242162793
explicit_out_of_range,outside_multiple_features,False,"outside:deuteron_energy_mev,target_distance_cm;far_from_training",2.971204681104889,False,31.0,1.2,2.8082146654138196,1.934240899423374,1.2952982813037994,5.881253811003071e-10,2.814016831647458e-10,0.041643176990901344,4.632638177496907e-12,2.6743241685005893e-12,0.030460858020052498
in_range_sparse_corner,in_range_corner_00,False,far_from_training,2.2764047176849216,False,33.0,1.5,1.0,0.0,0.5,3.7640024390419654e-10,3.507252122245197e-10,0.037391568797779745,2.9648884335980204e-12,2.815383441956928e-12,0.024605042700005648
in_range_sparse_corner,in_range_corner_01,True,accepted,1.1801103684756857,True,40.0,1.5,1.0,0.0,0.5,5.313665277728577e-10,4.985950490709841e-10,0.03548357425488781,3.935802944909688e-12,3.7969569983249006e-12,0.022606678689002603
in_range_sparse_corner,in_range_corner_02,True,accepted,1.5159789373643384,True,33.0,3.0,1.0,0.0,0.5,9.410006097604913e-11,9.656996193101654e-11,0.04058308925771604,7.412221083995051e-13,7.525608204861721e-13,0.025725870042662753
in_range_sparse_corner,in_range_corner_03,True,accepted,1.3364268252067257,True,40.0,3.0,1.0,0.0,0.5,1.3284163194321443e-10,1.3611153579453763e-10,0.030852290430738588,9.83950736227422e-13,9.995165248639778e-13,0.02017896386659925
in_range_sparse_corner,in_range_corner_04,True,accepted,1.6899985167990161,True,33.0,1.5,15.0,0.0,0.5,3.7640024390419654e-10,8.675939295493057e-11,0.05016268493393182,2.9648884335980204e-12,9.694255324266758e-13,0.03341844651429556
in_range_sparse_corner,in_range_corner_05,True,accepted,1.8979684962420775,True,40.0,1.5,15.0,0.0,0.5,5.313665277728577e-10,1.210478264967322e-10,0.058252597487290336,3.935802944909688e-12,1.2988269888484776e-12,0.03770996013883994
in_range_sparse_corner,in_range_corner_06,True,accepted,1.4944612048365955,True,33.0,3.0,15.0,0.0,0.5,9.410006097604913e-11,4.2096704416066264e-11,0.04433801657312044,7.412221083995051e-13,4.094874058983494e-13,0.028615892629596282
in_range_sparse_corner,in_range_corner_07,True,accepted,1.2417075274836962,True,40.0,3.0,15.0,0.0,0.5,1.3284163194321443e-10,5.9378437490309e-11,0.035992745285451,9.83950736227422e-13,5.518090936140408e-13,0.02387829008454305
in_range_sparse_corner,in_range_corner_08,True,accepted,1.9694594446373117,True,33.0,1.5,1.0,8.0,0.5,3.7640024390419654e-10,5.094147711028692e-11,0.04203861968545621,2.9648884335980204e-12,7.113443021760509e-13,0.02749268847764441
in_range_sparse_corner,in_range_corner_09,True,accepted,1.6895761325794472,True,40.0,1.5,1.0,8.0,0.5,5.313665277728577e-10,7.18926651626052e-11,0.04487251562373025,3.935802944909688e-12,9.681032749754127e-13,0.02867971881178891
in_range_sparse_corner,in_range_corner_10,True,accepted,1.2215918503720267,True,33.0,3.0,1.0,8.0,0.5,9.410006097604913e-11,3.6379760160624877e-11,0.040331274707804766,7.412221083995051e-13,3.8124621099842425e-13,0.026175854669074086
in_range_sparse_corner,in_range_corner_11,True,accepted,1.4311832151390835,True,40.0,3.0,1.0,8.0,0.5,1.3284163194321443e-10,5.0987361281584926e-11,0.038001814398528344,9.83950736227422e-13,5.179393369906999e-13,0.02505218492307201
in_range_sparse_corner,in_range_corner_12,True,accepted,1.1127556961079041,True,33.0,1.5,15.0,8.0,0.5,3.7640024390419654e-10,5.555856871304327e-11,0.026303624136713884,2.9648884335980204e-12,6.719060494374467e-13,0.01751058230966727
in_range_sparse_corner,in_range_corner_13,True,accepted,1.0723949736734868,True,40.0,1.5,15.0,8.0,0.5,5.313665277728577e-10,7.822241337653428e-11,0.03294007053639386,3.935802944909688e-12,9.018200333341514e-13,0.02125081140202845
in_range_sparse_corner,in_range_corner_14,True,accepted,0.6681006013214917,True,33.0,3.0,15.0,8.0,0.5,9.410006097604913e-11,3.2113770722524466e-11,0.025705973469597465,7.412221083995051e-13,3.32895508324627e-13,0.016703789878854663
in_range_sparse_corner,in_range_corner_15,True,accepted,1.6525544015253513,True,40.0,3.0,15.0,8.0,0.5,1.3284163194321443e-10,4.471953419304455e-11,0.03075180646058633,9.83950736227422e-13,4.464943255764854e-13,0.020864237540169667
in_range_sparse_corner,in_range_corner_16,True,accepted,1.3769969408515712,True,33.0,1.5,1.0,0.0,5.0,3.7640024390419654e-10,2.2177539173824933e-10,0.044668300974094896,2.9648884335980204e-12,2.0268331360204133e-12,0.030322180840453117
in_range_sparse_corner,in_range_corner_17,True,accepted,1.2324018528141152,True,40.0,1.5,1.0,0.0,5.0,5.313665277728577e-10,3.04739401821516e-10,0.04565142408091242,3.935802944909688e-12,2.678667755965199e-12,0.030017705104707956
in_range_sparse_corner,in_range_corner_18,True,accepted,1.9569782176116455,True,33.0,3.0,1.0,0.0,5.0,9.410006097604913e-11,7.401309597947684e-11,0.04412596445905109,7.412221083995051e-13,6.235800395977405e-13,0.029942827772985826
in_range_sparse_corner,in_range_corner_19,True,accepted,1.4615419660644982,True,40.0,3.0,1.0,0.0,5.0,1.3284163194321443e-10,1.028309628489592e-10,0.031107854223481318,9.83950736227422e-13,8.265575958823834e-13,0.022454233013593408
in_range_sparse_corner,in_range_corner_20,True,accepted,0.9883185984654466,True,33.0,1.5,15.0,0.0,5.0,3.7640024390419654e-10,8.087618802433158e-11,0.043875402441349694,2.9648884335980204e-12,9.106172185291208e-13,0.02861578801248323
in_range_sparse_corner,in_range_corner_21,False,far_from_training,2.3137968512106672,False,40.0,1.5,15.0,0.0,5.0,5.313665277728577e-10,1.11389536972988e-10,0.05729801667929606,3.935802944909688e-12,1.2127627273437603e-12,0.036152007719347595
in_range_sparse_corner,in_range_corner_22,True,accepted,1.8559386848591537,True,33.0,3.0,15.0,0.0,5.0,9.410006097604913e-11,4.237937239852146e-11,0.05332982577754568,7.412221083995051e-13,4.105336940676654e-13,0.0347140347242296
in_range_sparse_corner,in_range_corner_23,True,accepted,1.4187978605980853,True,40.0,3.0,15.0,0.0,5.0,1.3284163194321443e-10,5.977452972154703e-11,0.04509509008927735,9.83950736227422e-13,5.552331913850122e-13,0.02962486982287696
in_range_sparse_corner,in_range_corner_24,True,accepted,1.6315606938634921,True,33.0,1.5,1.0,8.0,5.0,3.7640024390419654e-10,6.154998851532057e-11,0.043308873352690576,2.9648884335980204e-12,7.732266741852752e-13,0.028359911288831974
in_range_sparse_corner,in_range_corner_25,True,accepted,1.6015290097017356,True,40.0,1.5,1.0,8.0,5.0,5.313665277728577e-10,8.384166415858562e-11,0.04665423923677358,3.935802944909688e-12,1.0265617179944909e-12,0.02990173040048627
in_range_sparse_corner,in_range_corner_26,True,accepted,1.227615005349907,True,33.0,3.0,1.0,8.0,5.0,9.410006097604913e-11,3.7921896967041486e-11,0.048014329330408556,7.412221083995051e-13,3.8314941521473e-13,0.03147733702716876
in_range_sparse_corner,in_range_corner_27,True,accepted,2.152085047986441,True,40.0,3.0,1.0,8.0,5.0,1.3284163194321443e-10,5.3612778038377947e-11,0.04532571046016915,9.83950736227422e-13,5.214538685496051e-13,0.030580799453799854
in_range_sparse_corner,in_range_corner_28,True,accepted,1.7926924964689548,True,33.0,1.5,15.0,8.0,5.0,3.7640024390419654e-10,5.653103413052382e-11,0.0510951473626595,2.9648884335980204e-12,6.698612430219948e-13,0.03396643444782533
in_range_sparse_corner,in_range_corner_29,True,accepted,2.034532961535034,True,40.0,1.5,15.0,8.0,5.0,5.313665277728577e-10,7.788198853952795e-11,0.056463505577509975,3.935802944909688e-12,8.881737306820395e-13,0.03660915515008251
in_range_sparse_corner,in_range_corner_30,True,accepted,1.056088426076428,True,33.0,3.0,15.0,8.0,5.0,9.410006097604913e-11,3.05887914099493e-11,0.03109795059641469,7.412221083995051e-13,3.1923369877781273e-13,0.01982706854990844
in_range_sparse_corner,in_range_corner_31,True,accepted,0.6296478151997777,True,40.0,3.0,15.0,8.0,5.0,1.3284163194321443e-10,4.304883740661102e-11,0.019947085037146636,9.83950736227422e-13,4.3211788075732526e-13,0.013424646016537109
